DS-A1	https://github.com/sixath/framework/issues/3
DS-A3	https://github.com/sixath/framework/issues/4
DS-B1	https://github.com/sixath/framework/issues/5
DS-B3	https://github.com/sixath/framework/issues/2
DS-B5	https://github.com/sixath/framework/issues/6
DS-C4	https://github.com/sixath/framework/issues/7
DS-C5	https://github.com/sixath/framework/issues/8
EX-A1	https://github.com/sixath/framework/issues/9
EX-A2	https://github.com/sixath/framework/issues/10
EX-A3	https://github.com/sixath/framework/issues/11
EX-A4	https://github.com/sixath/framework/issues/12
EX-B2	https://github.com/sixath/framework/issues/13
EX-C6	https://github.com/sixath/framework/issues/14
EX-D3	https://github.com/sixath/framework/issues/15
MW-A1	https://github.com/sixath/framework/issues/16
MW-A2	https://github.com/sixath/framework/issues/17
MW-A3	https://github.com/sixath/framework/issues/18
MW-A4	https://github.com/sixath/framework/issues/19
MW-B1	https://github.com/sixath/framework/issues/20
MW-B2	https://github.com/sixath/framework/issues/21
MW-B3	https://github.com/sixath/framework/issues/22
MW-B4	https://github.com/sixath/framework/issues/23
MW-B5	https://github.com/sixath/framework/issues/24
MW-C1	https://github.com/sixath/framework/issues/25
MW-C4	https://github.com/sixath/framework/issues/26
MW-C5	https://github.com/sixath/framework/issues/27
MW-D2	https://github.com/sixath/framework/issues/28
